ticket_id,sku_id,SKU_Name,qty_requested,Qty_Approved,Unit,,
TKT-1771577788359,sku-1771407061986,ຈອກກາເເຟ,80,80,pcs,finalized,For Lunar New Year Campaign (10-17 Feb 2026)
TKT-1771577788359,sku-1771407810939,ກະປຸກອອມສິນ,41,41,pcs,finalized,For Lunar New Year Campaign (10-17 Feb 2026)
TKT-1772507237246,sku-1771406960024,ບິກອີຊີໂກລ,1,1,pcs,finalized,for Kaopoon's shooting as a prop and easter eggs
TKT-1772507237246,sku-1771407004896,ພວງກະເເຈ,2,2,pcs,finalized,for Kaopoon's shooting as a prop and easter eggs
TKT-1772507237246,sku-1771407101349,ຈອກເກັບຄວາມເຢັນ,1,1,pcs,finalized,for Kaopoon's shooting as a prop and easter eggs
TKT-1772507237246,sku-1771407810939,ກະປຸກອອມສິນ,2,2,pcs,finalized,for Kaopoon's shooting as a prop and easter eggs
TKT-1772592110294,sku-1771407061986,ຈອກກາເເຟ,10,20,pcs,finalized,ເບີກໄປໃຊ້ຊັ້ນ 1
TKT-1773299387291,sku-1771407101349,ຈອກເກັບຄວາມເຢັນ,10,10,pcs,finalized,ໃຫ້ທີມອາເຈັນຊີ້ ອອກບູສ ທີ່ງານ ຫນັງສື ຢູ່ ມ.ຊ
TKT-1773299387291,sku-1773299233699,A4 Brochure,1000,1000,ອັນ,finalized,ໃຫ້ທີມອາເຈັນຊີ້ ອອກບູສ ທີ່ງານ ຫນັງສື ຢູ່ ມ.ຊ
TKT-1773652078809,sku-1771407061986,ຈອກກາເເຟ,30,30,pcs,finalized,For Bluebox campaign
TKT-1773722800507,sku-1771408020353,ຊຸດພິນ້ຽມ (ປື້ມ+ຕຸກນ້ຳ+ບິກ),5,5,set,finalized,ເບິກໄປຊັບພອດງານສະປອນເຊີ Pha-Jay
TKT-1773723473614,sku-1771407101349,ຈອກເກັບຄວາມເຢັນ,10,10,pcs,finalized,Support Corporate (partnership)
TKT-1774339252579,sku-1771407810939,ກະປຸກອອມສິນ,40,40,pcs,finalized,Agency support Picky Bank 40
TKT-1774431236031,sku-1771407101349,ຈອກເກັບຄວາມເຢັນ,500,500,pcs,finalized,ເບີກເຄື່ອງໄວ້ສາງຊັ້ນ6
TKT-1774431236031,sku-1771406960024,ບິກອີຊີໂກລ,200,200,pcs,finalized,ເບີກເຄື່ອງໄວ້ສາງຊັ້ນ6
TKT-1774431236031,sku-1771407316677,ຄັນຮົ່ມ 2026,100,100,pcs,finalized,ເບີກເຄື່ອງໄວ້ສາງຊັ້ນ6
TKT-1774519787325,sku-1771408020353,ຊຸດພິນ້ຽມ (ປື້ມ+ຕຸກນ້ຳ+ບິກ),10,10,set,finalized,ເບີກໄວ້ມອບໃຫ້ຫົວໜ້າກົມເຕັກໂນໂລຊີ ແລະ ໄວໃຫ້ແຂກຫົວໜ້າ
TKT-1774519858761,sku-1772007048630,ໂຕະຂາວ (ແບບພັບ) W180 x H75 x L60cm,1,1,ນ່ວຍ,finalized,ໃຊ້ເປັນໂຕະກາເຟຊັ້ນ 01 ເພື່ອຮັບຮອງລູກຄ້າ
TKT-1775030802941,sku-1771407061986,ຈອກກາເເຟ,20,20,pcs,finalized,Free gifts and giveaways for customers at booth events. ເເຈກລູກຄ້າເປີດບັນຊີ ເເລະ ຊື້ຄຳຫນ້າບູດ
TKT-1775030802941,sku-1771407101349,ຈອກເກັບຄວາມເຢັນ,5,5,pcs,finalized,Free gifts and giveaways for customers at booth events. ເເຈກລູກຄ້າເປີດບັນຊີ ເເລະ ຊື້ຄຳຫນ້າບູດ
TKT-1775030802941,sku-1771407810939,ກະປຸກອອມສິນ,5,5,pcs,finalized,Free gifts and giveaways for customers at booth events. ເເຈກລູກຄ້າເປີດບັນຊີ ເເລະ ຊື້ຄຳຫນ້າບູດ
TKT-1775031095824,sku-1775030698487,ສາຍຫ້ອຍຄໍ (ພວງກະແຈ),20,20,ອັນ,finalized,Free gifts and giveaways for customers at booth events. ເເຈກລູກຄ້າເປີດບັນຊີໃຫມ່ ເເລະ ຊື້ຄຳຫນ້າບູດ
TKT-1775100401216,sku-1771407061986,ຈອກກາເເຟ,60,60,pcs,finalized,resubmit
TKT-1775100401216,sku-1775030698487,ສາຍຫ້ອຍຄໍ (ພວງກະແຈ),300,300,ອັນ,finalized,resubmit
TKT-1775100401216,sku-1775030479680,ສາຍຮັດແຂນ (ກິລາ),160,160,ອັນ,finalized,resubmit
TKT-1775100401216,sku-1773299233699,A4 Brochure,1200,1200,ອັນ,finalized,resubmit
TKT-1775100401216,sku-1771407316677,ຄັນຮົ່ມ 2026,30,30,pcs,finalized,resubmit
TKT-1775100401216,sku-1771407101349,ຈອກເກັບຄວາມເຢັນ,30,30,pcs,finalized,resubmit
TKT-1775528099100,sku-1775456004647,ກະເປົາກິລາ,30,30,ນ່ວຍ,finalized,For Q1 Booth activation by agency
TKT-1775633130238,sku-1771407316677,ຄັນຮົ່ມ 2026,50,70,pcs,finalized,ເບີກເຄື່ອງໄວ້ສາງຊັ້ນ 6
TKT-1776670121981,sku-1771407897767,ກະເປົາເດີນທາງ,50,50,pcs,finalized,ເບີກເຄື່ອງໄວ້ສາງຊັ້ນ 6
TKT-1776671610636,sku-1775815774049,ຂາຕັ້ງໂທລະສັບ,20,20,ອັນ,finalized,"ເບິກໃຫ້ທີມງານການຕະຫລາດ, ພາດເນີຊີບ ແລະ ໂດ້ (ພະນັກງານເກົ່າ)"
TKT-1776671610636,sku-1774606011601,ຫົວສາກໂທລະສັບ,5,5,ອັນ,finalized,"ເບິກໃຫ້ທີມງານການຕະຫລາດ, ພາດເນີຊີບ ແລະ ໂດ້ (ພະນັກງານເກົ່າ)"
TKT-1776671610636,sku-1775030479680,ສາຍຮັດແຂນ (ກິລາ),10,10,ອັນ,finalized,"ເບິກໃຫ້ທີມງານການຕະຫລາດ, ພາດເນີຊີບ ແລະ ໂດ້ (ພະນັກງານເກົ່າ)"
TKT-1776671656947,sku-1775815774049,ຂາຕັ້ງໂທລະສັບ,100,100,ອັນ,finalized,ເບິກໃຫ້ທີມງານອາເຈັນຊີ້ ອອກບູສ
TKT-1776756480752,sku-1776756364541,ຖົງກັນນ້ຳ,770,770,ອັນ,finalized,ຊັບມິດຄືນ ເພຶ່ອຊັບພອດເຄມເປນ LNY
TKT-1776829073779,sku-1771407061986,ຈອກກາເເຟ,20,20,pcs,finalized,Free gifts and giveaways for customers at booth events.ເຄື່ອງເເຈກໃຫ້ລູກຄ້າຫນ້າບູດສາຂາວັງທອງ
TKT-1776829073779,sku-1771407101349,ຈອກເກັບຄວາມເຢັນ,5,5,pcs,finalized,Free gifts and giveaways for customers at booth events.ເຄື່ອງເເຈກໃຫ້ລູກຄ້າຫນ້າບູດສາຂາວັງທອງ
TKT-1776829073779,sku-1775030698487,ສາຍຫ້ອຍຄໍ (ພວງກະແຈ),10,10,ອັນ,finalized,Free gifts and giveaways for customers at booth events.ເຄື່ອງເເຈກໃຫ້ລູກຄ້າຫນ້າບູດສາຂາວັງທອງ
TKT-1776927415197,sku-1774606011601,ຫົວສາກໂທລະສັບ,10,10,ອັນ,finalized,Free gifts and giveaways for customers at booth events. ເເຈກໃຫ້ກັບລູກຄ້າຫນ້າບູດສາຂາວັງທອງ
TKT-1776927415197,sku-1775815774049,ຂາຕັ້ງໂທລະສັບ,10,10,ອັນ,finalized,Free gifts and giveaways for customers at booth events. ເເຈກໃຫ້ກັບລູກຄ້າຫນ້າບູດສາຂາວັງທອງ
TKT-1776927769965,sku-1771406960024,ບິກອີຊີໂກລ,100,100,pcs,finalized,ເບິກເຄື່ອງໃຫ້ອາເຈັນຊີ້ປະຈຳເດືອນ 5 ແລະ ເບິກໃຊ້ຊັບພອດງານ ອີເວັ້ນ StartUp 2026
TKT-1776927769965,sku-1771407101349,ຈອກເກັບຄວາມເຢັນ,50,50,pcs,finalized,ເບິກເຄື່ອງໃຫ້ອາເຈັນຊີ້ປະຈຳເດືອນ 5 ແລະ ເບິກໃຊ້ຊັບພອດງານ ອີເວັ້ນ StartUp 2026
TKT-1776927769965,sku-1771407936514,ຄັນຮົ່ມກ໊ອບ,48,47,pcs,finalized,ເບິກເຄື່ອງໃຫ້ອາເຈັນຊີ້ປະຈຳເດືອນ 5 ແລະ ເບິກໃຊ້ຊັບພອດງານ ອີເວັ້ນ StartUp 2026
TKT-1776927769965,sku-1771408020353,ຊຸດພິນ້ຽມ (ປື້ມ+ຕຸກນ້ຳ+ບິກ),4,4,set,finalized,ເບິກເຄື່ອງໃຫ້ອາເຈັນຊີ້ປະຈຳເດືອນ 5 ແລະ ເບິກໃຊ້ຊັບພອດງານ ອີເວັ້ນ StartUp 2026
TKT-1776927769965,sku-1774606011601,ຫົວສາກໂທລະສັບ,20,20,ອັນ,finalized,ເບິກເຄື່ອງໃຫ້ອາເຈັນຊີ້ປະຈຳເດືອນ 5 ແລະ ເບິກໃຊ້ຊັບພອດງານ ອີເວັ້ນ StartUp 2026
TKT-1776927769965,sku-1775030698487,ສາຍຫ້ອຍຄໍ (ພວງກະແຈ),50,50,ອັນ,finalized,ເບິກເຄື່ອງໃຫ້ອາເຈັນຊີ້ປະຈຳເດືອນ 5 ແລະ ເບິກໃຊ້ຊັບພອດງານ ອີເວັ້ນ StartUp 2026
TKT-1776927769965,sku-1775456004647,ກະເປົາກິລາ,1,1,ນ່ວຍ,finalized,ເບິກເຄື່ອງໃຫ້ອາເຈັນຊີ້ປະຈຳເດືອນ 5 ແລະ ເບິກໃຊ້ຊັບພອດງານ ອີເວັ້ນ StartUp 2026
TKT-1776927769965,sku-1771407061986,ຈອກກາເເຟ,80,80,pcs,finalized,ເບິກເຄື່ອງໃຫ້ອາເຈັນຊີ້ປະຈຳເດືອນ 5 ແລະ ເບິກໃຊ້ຊັບພອດງານ ອີເວັ້ນ StartUp 2026
TKT-1776999501965,sku-1776929481221,ພັດລົມໄອນ້ຳ,2,2,ນ່ວຍ,finalized,"ຍື່ມມາໃຫ້ລຸງຍາມ ,ອ້າຍນ້ອງຕຳຫຼວດ"
TKT-1777276449750,sku-1771407897767,ກະເປົາເດີນທາງ,50,50,pcs,finalized,ເບີດເຄື່ອງໄວ້ສາງຊັ້ນ 6
TKT-1777348190787,sku-1771407061986,ຈອກກາເເຟ,160,160,pcs,finalized,ເບີກເຄື່ອງໄວ້ສາງຊັ້ນ 6
TKT-1777348190787,sku-1771406960024,ບິກອີຊີໂກລ,100,200,pcs,finalized,ເບີກເຄື່ອງໄວ້ສາງຊັ້ນ 6
TKT-1777355053398,sku-1771407101349,ຈອກເກັບຄວາມເຢັນ,14,14,pcs,finalized,BTL ເບີກເຄື່ອງອອກບູດປະຈຳຫນ້າຮ້ານ 3ສາຂາ ເເລະ ເຄື່ອງເເຈກໃຫ້ບູດກິດຈະກຳຂອງທາງD-Day Agency
TKT-1777355053398,sku-1773299233699,A4 Brochure,400,400,ອັນ,finalized,BTL ເບີກເຄື່ອງອອກບູດປະຈຳຫນ້າຮ້ານ 3ສາຂາ ເເລະ ເຄື່ອງເເຈກໃຫ້ບູດກິດຈະກຳຂອງທາງD-Day Agency
TKT-1777355053398,sku-1775030479680,ສາຍຮັດແຂນ (ກິລາ),80,80,ອັນ,finalized,BTL ເບີກເຄື່ອງອອກບູດປະຈຳຫນ້າຮ້ານ 3ສາຂາ ເເລະ ເຄື່ອງເເຈກໃຫ້ບູດກິດຈະກຳຂອງທາງD-Day Agency
TKT-1777355053398,sku-1774606011601,ຫົວສາກໂທລະສັບ,75,75,ອັນ,finalized,BTL ເບີກເຄື່ອງອອກບູດປະຈຳຫນ້າຮ້ານ 3ສາຂາ ເເລະ ເຄື່ອງເເຈກໃຫ້ບູດກິດຈະກຳຂອງທາງD-Day Agency
TKT-1777355053398,sku-1775030698487,ສາຍຫ້ອຍຄໍ (ພວງກະແຈ),300,300,ອັນ,finalized,BTL ເບີກເຄື່ອງອອກບູດປະຈຳຫນ້າຮ້ານ 3ສາຂາ ເເລະ ເຄື່ອງເເຈກໃຫ້ບູດກິດຈະກຳຂອງທາງD-Day Agency
TKT-1777355053398,sku-1775456004647,ກະເປົາກິລາ,40,40,ນ່ວຍ,finalized,BTL ເບີກເຄື່ອງອອກບູດປະຈຳຫນ້າຮ້ານ 3ສາຂາ ເເລະ ເຄື່ອງເເຈກໃຫ້ບູດກິດຈະກຳຂອງທາງD-Day Agency
TKT-1777355053398,sku-1775815774049,ຂາຕັ້ງໂທລະສັບ,30,30,ອັນ,finalized,BTL ເບີກເຄື່ອງອອກບູດປະຈຳຫນ້າຮ້ານ 3ສາຂາ ເເລະ ເຄື່ອງເເຈກໃຫ້ບູດກິດຈະກຳຂອງທາງD-Day Agency
TKT-1778045180113,sku-1771406960024,ບິກອີຊີໂກລ,349,349,pcs,finalized,ເບີກເຄື່ອງໄວ້ສາງຊັ້ນ 6
TKT-1778045180113,sku-1771407101349,ຈອກເກັບຄວາມເຢັນ,25,25,pcs,finalized,ເບີກເຄື່ອງໄວ້ສາງຊັ້ນ 6
TKT-1778045180113,sku-1771407810939,ກະປຸກອອມສິນ,21,21,pcs,finalized,ເບີກເຄື່ອງໄວ້ສາງຊັ້ນ 6
TKT-1778045180113,sku-1771407061986,ຈອກກາເເຟ,100,100,pcs,finalized,ເບີກເຄື່ອງໄວ້ສາງຊັ້ນ 6
TKT-1778230741215,sku-1771407061986,ຈອກກາເເຟ,40,40,pcs,finalized,ເບີກເຄື່ອງໄວ້ສາງຊັ້ນ6
TKT-1778230741215,sku-1771407101349,ຈອກເກັບຄວາມເຢັນ,65,65,pcs,finalized,ເບີກເຄື່ອງໄວ້ສາງຊັ້ນ6
TKT-1778230741215,sku-1771407936514,ຄັນຮົ່ມກ໊ອບ,50,50,pcs,finalized,ເບີກເຄື່ອງໄວ້ສາງຊັ້ນ6
TKT-1778467898610,sku-1771407974256,ຊຸດຈອກກາເຟ,10,10,set,finalized,ເບີກໃຫ້ກອງເລຂາ ຕອ້ນຮັບແຂກທາງຫ້ອງການ KPV
TKT-1778469681143,sku-1771407974256,ຊຸດຈອກກາເຟ,20,20,set,finalized,ໄວຮັບແຂກ ຜູ້ອຳນວຍການ
TKT-1778559259749,sku-1775456004647,ກະເປົາກິລາ,100,100,ນ່ວຍ,finalized,ເບີກເຄື່ອງໄວ້ໄຫ້ລູກຄ້າແລກ easy point
TKT-1778559259749,sku-1775030698487,ສາຍຫ້ອຍຄໍ (ພວງກະແຈ),200,200,ອັນ,finalized,ເບີກເຄື່ອງໄວ້ໄຫ້ລູກຄ້າແລກ easy point
TKT-1778559259749,sku-1775815774049,ຂາຕັ້ງໂທລະສັບ,100,100,ອັນ,finalized,ເບີກເຄື່ອງໄວ້ໄຫ້ລູກຄ້າແລກ easy point
TKT-1778647133017,sku-1771407810939,ກະປຸກອອມສິນ,50,50,pcs,finalized,ເບີກເຄື່ອງໄວ້ໄຫ້ລູກຄ້າແລກ easy point
TKT-1778727782508,sku-1771407061986,ຈອກກາເເຟ,110,110,pcs,finalized,BTL
TKT-1778727782508,sku-1771407101349,ຈອກເກັບຄວາມເຢັນ,10,10,pcs,finalized,BTL
TKT-1778727782508,sku-1771407974256,ຊຸດຈອກກາເຟ,20,20,set,finalized,BTL
TKT-1778827318176,sku-1771407810939,ກະປຸກອອມສິນ,50,50,pcs,finalized,ເບີກເຄຶ່ອງແຄມເປນ Cashback
TKT-1778827318176,sku-1771407061986,ຈອກກາເເຟ,50,50,pcs,finalized,ເບີກເຄຶ່ອງແຄມເປນ Cashback
TKT-1779178137478,sku-1771407810939,ກະປຸກອອມສິນ,55,55,pcs,finalized,ເບີກເຄື່ອງໄວ້ສາງຊັ້ນ6 ໄວ້ໄຫ້ລູກຄ້າ easy point
TKT-1779178137478,sku-1771407061986,ຈອກກາເເຟ,400,400,pcs,finalized,ເບີກເຄື່ອງໄວ້ສາງຊັ້ນ6 ໄວ້ໄຫ້ລູກຄ້າ easy point
TKT-1779178137478,sku-1771407101349,ຈອກເກັບຄວາມເຢັນ,25,25,pcs,finalized,ເບີກເຄື່ອງໄວ້ສາງຊັ້ນ6 ໄວ້ໄຫ້ລູກຄ້າ easy point
TKT-1779336387407,sku-1772179915959,ແບັກດອບແບບຜ້າ  230 WxH 200 cm,1,1,ອັນ,finalized,Join Wii fair - Walk in interview event
TKT-1779336387407,sku-1771407004896,ພວງກະເເຈ,50,50,pcs,finalized,Join Wii fair - Walk in interview event
TKT-1779336387407,sku-1775030698487,ສາຍຫ້ອຍຄໍ (ພວງກະແຈ),20,20,ອັນ,finalized,Join Wii fair - Walk in interview event
TKT-1779336387407,sku-1771407061986,ຈອກກາເເຟ,3,3,pcs,finalized,Join Wii fair - Walk in interview event
TKT-1779336387407,sku-1772183613706,Beach flag 310x240x60 Cm,2,,ອັນ,finalized,Join Wii fair - Walk in interview event
TKT-1779437242667,sku-1779434977945,Paper Bag,70,70,ອັນ,finalized,ເບີກໄວ້ໃສ່ເຄື່ອງໄຫ້ລູກຄ້າ
TKT-1779776573671,sku-1771407101349,ຈອກເກັບຄວາມເຢັນ,25,25,pcs,finalized,ເບີກເຄື່ອງໄຫ້ລູກຄ້າ ແລກ easy point
TKT-1779776573671,sku-1771407810939,ກະປຸກອອມສິນ,1,50,pcs,finalized,ເບີກເຄື່ອງໄຫ້ລູກຄ້າ ແລກ easy point
TKT-1779776573671,sku-1775456004647,ກະເປົາກິລາ,30,30,ນ່ວຍ,finalized,ເບີກເຄື່ອງໄຫ້ລູກຄ້າ ແລກ easy point
TKT-1779776573671,sku-1771407897767,ກະເປົາເດີນທາງ,1,1,pcs,finalized,ເບີກເຄື່ອງໄຫ້ລູກຄ້າ ແລກ easy point
TKT-1779776573671,sku-1774606011601,ຫົວສາກໂທລະສັບ,7,7,ອັນ,finalized,ເບີກເຄື່ອງໄຫ້ລູກຄ້າ ແລກ easy point
TKT-1779876975030,sku-1771407004896,ພວງກະເເຈ,80,135,pcs,finalized,ເບີກເຄື່ອງໄຫ້ລູກຄ້າ ແລກ ອີຊີພ້ອຍ
TKT-1779880791871,sku-1775456004647,ກະເປົາກິລາ,10,10,ນ່ວຍ,finalized,Campaign Lao Viet Bank ແຈກກະເປົ໋າ 10 ຫນ່ວຍ
TKT-1779956511825,sku-1773828255894,JBL Speaker,1,1,ນ່ວຍ,returned,CDD at Suan Pruek Sa for CSR
TKT-1780305786573,sku-1771408020353,ຊຸດພິນ້ຽມ (ປື້ມ+ຕຸກນ້ຳ+ບິກ),5,5,set,finalized,Support Children's day campaign
TKT-1780308974303,sku-1771407810939,ກະປຸກອອມສິນ,19,19,pcs,finalized,ລາຍການຊັບມິດອອກໃຫ້ອາເຈັນຊີ້ ແລະ ມອບໃຫ້ລູູກຄ້າຄະແນນລ້ານປ້າຍບາງສ່ວນ
TKT-1780308974303,sku-1771407974256,ຊຸດຈອກກາເຟ,40,40,set,finalized,ລາຍການຊັບມິດອອກໃຫ້ອາເຈັນຊີ້ ແລະ ມອບໃຫ້ລູູກຄ້າຄະແນນລ້ານປ້າຍບາງສ່ວນ
TKT-1780308974303,sku-1775815774049,ຂາຕັ້ງໂທລະສັບ,70,70,ອັນ,finalized,ລາຍການຊັບມິດອອກໃຫ້ອາເຈັນຊີ້ ແລະ ມອບໃຫ້ລູູກຄ້າຄະແນນລ້ານປ້າຍບາງສ່ວນ
TKT-1780308974303,sku-1775456004647,ກະເປົາກິລາ,9,9,ນ່ວຍ,finalized,ລາຍການຊັບມິດອອກໃຫ້ອາເຈັນຊີ້ ແລະ ມອບໃຫ້ລູູກຄ້າຄະແນນລ້ານປ້າຍບາງສ່ວນ
TKT-1780308974303,sku-1771407061986,ຈອກກາເເຟ,104,104,pcs,finalized,ລາຍການຊັບມິດອອກໃຫ້ອາເຈັນຊີ້ ແລະ ມອບໃຫ້ລູູກຄ້າຄະແນນລ້ານປ້າຍບາງສ່ວນ
TKT-1780308974303,sku-1771408020353,ຊຸດພິນ້ຽມ (ປື້ມ+ຕຸກນ້ຳ+ບິກ),0,40,set,finalized,ລາຍການຊັບມິດອອກໃຫ້ອາເຈັນຊີ້ ແລະ ມອບໃຫ້ລູູກຄ້າຄະແນນລ້ານປ້າຍບາງສ່ວນ
TKT-1780539510415,sku-1771407004896,ພວງກະເເຈ,20,20,pcs,finalized,"ເບີກອອກງານສຳມະນາ, ເອຊີລີດາ 5/6/2026"
TKT-1780539510415,sku-1775030479680,ສາຍຮັດແຂນ (ກິລາ),5,15,ອັນ,finalized,"ເບີກອອກງານສຳມະນາ, ເອຊີລີດາ 5/6/2026"
TKT-1780539510415,sku-1775030698487,ສາຍຫ້ອຍຄໍ (ພວງກະແຈ),30,50,ອັນ,finalized,"ເບີກອອກງານສຳມະນາ, ເອຊີລີດາ 5/6/2026"
TKT-1780539510415,sku-1774606011601,ຫົວສາກໂທລະສັບ,5,15,ອັນ,finalized,"ເບີກອອກງານສຳມະນາ, ເອຊີລີດາ 5/6/2026"
TKT-1780539510415,sku-1775815774049,ຂາຕັ້ງໂທລະສັບ,10,25,ອັນ,finalized,"ເບີກອອກງານສຳມະນາ, ເອຊີລີດາ 5/6/2026"
TKT-1781075113062,sku-1771407974256,ຊຸດຈອກກາເຟ,20,20,set,finalized,ເບີກໃຫ້ອາເຈນຊີ່
TKT-1781075113062,sku-1779434977945,Paper Bag,144,144,ອັນ,finalized,ເບີກໃຫ້ອາເຈນຊີ່
TKT-1781083706105,sku-1779434977945,Paper Bag,11,11,ອັນ,finalized,Giveaway for testimonial video shooting
TKT-1781083706105,sku-1771408020353,ຊຸດພິນ້ຽມ (ປື້ມ+ຕຸກນ້ຳ+ບິກ),10,10,set,finalized,Giveaway for testimonial video shooting
TKT-1781773158812,sku-1781666955837,Pride Bag,2,2,ນ່ວຍ,,
TKT-1781775750887,sku-1771408020353,ຊຸດພິນ້ຽມ (ປື້ມ+ຕຸກນ້ຳ+ບິກ),5,5,set,,
TKT-1781775750887,sku-1775030698487,ສາຍຫ້ອຍຄໍ (ພວງກະແຈ),100,100,ອັນ,,
TKT-1781776422307,sku-1781666955837,Pride Bag,70,70,ນ່ວຍ,,
TKT-1781776426981,sku-1781666955837,Pride Bag,30,28,ນ່ວຍ,,
TKT-1782183777297,sku-1771406960024,ບິກອີຊີໂກລ,1500,1500,pcs,,
TKT-1782183777297,sku-1771407316677,ຄັນຮົ່ມ 2026,200,200,pcs,,
TKT-1782183777297,sku-1780972510074,ຈອກເກັບອຸນຫະພູມ 2026,300,300,ຫນ່ວຍ,,
TKT-1782183777297,sku-1781681021177,ຫມວກ 2026,500,500,ນ່ວຍ,,
TKT-1782703189783,sku-1771408020353,ຊຸດພິນ້ຽມ (ປື້ມ+ຕຸກນ້ຳ+ບິກ),3,3,set,,
TKT-1782801962258,sku-1771407974256,ຊຸດຈອກກາເຟ,50,50,set,,
TKT-1783305053069,sku-1775456004647,ກະເປົາກິລາ,10,10,ນ່ວຍ,,
TKT-1783305053069,sku-1775815774049,ຂາຕັ້ງໂທລະສັບ,20,20,ອັນ,,
TKT-1783305053069,sku-1771407974256,ຊຸດຈອກກາເຟ,10,10,set,,
TKT-1783319725593,sku-1771407061986,ຈອກກາເເຟ,15,15,pcs,,
TKT-1783319725593,sku-1775815774049,ຂາຕັ້ງໂທລະສັບ,40,40,ອັນ,,
TKT-1783319725593,sku-1775030698487,ສາຍຫ້ອຍຄໍ (ພວງກະແຈ),200,200,ອັນ,,
TKT-1783319725593,sku-1774606011601,ຫົວສາກໂທລະສັບ,25,25,ອັນ,,
TKT-1783319725593,sku-1775456004647,ກະເປົາກິລາ,20,20,ນ່ວຍ,,
TKT-1783319725593,sku-1775030479680,ສາຍຮັດແຂນ (ກິລາ),20,20,ອັນ,,
TKT-1783319725593,sku-1779434977945,Paper Bag,50,50,ອັນ,,
TKT-1783482332278,sku-1771408020353,ຊຸດພິນ້ຽມ (ປື້ມ+ຕຸກນ້ຳ+ບິກ),2,2,set,,
TKT-1783665317672,sku-1771407061986,ຈອກກາເເຟ,50,50,pcs,,
TKT-1784194879118,sku-1779434977945,Paper Bag,50,50,ອັນ,,
TKT-1784196482428,sku-1779434977945,Paper Bag,50,50,ອັນ,,
TKT-1785124833384,sku-1775030479680,ສາຍຮັດແຂນ (ກິລາ),30,30,ອັນ,,
TKT-1785124833384,sku-1774606011601,ຫົວສາກໂທລະສັບ,50,50,ອັນ,,
TKT-1785124833384,sku-1775815774049,ຂາຕັ້ງໂທລະສັບ,50,50,ອັນ,,
TKT-1785124833384,sku-1775456004647,ກະເປົາກິລາ,50,40,ນ່ວຍ,,
TKT-1785319376214,sku-1774606011601,ຫົວສາກໂທລະສັບ,10,10,ອັນ,,
TKT-1785319376214,sku-1775456004647,ກະເປົາກິລາ,3,3,ນ່ວຍ,,
TKT-1785319376214,sku-1771407004896,ພວງກະເເຈ,50,50,pcs,,
TKT-1785380476796,sku-1771408020353,ຊຸດພິນ້ຽມ (ປື້ມ+ຕຸກນ້ຳ+ບິກ),20,,set,,
TKT-1785723806693,sku-1771407061986,ຈອກກາເເຟ,40,40,pcs,,
TKT-1785906517147,sku-1773299233699,A4 Brochure,1000,1000,ອັນ,,
TKT-1785906517147,sku-1775030698487,ສາຍຫ້ອຍຄໍ (ພວງກະແຈ),200,200,ອັນ,,
TKT-1785906687323,sku-1773299233699,A4 Brochure,1000,1000,ອັນ,,
TKT-1785906687323,sku-1775030698487,ສາຍຫ້ອຍຄໍ (ພວງກະແຈ),200,200,ອັນ,,
TKT-1786010348459,sku-1785121215788,Paper Bag for GOLD,1,1,ອັນ,,
TKT-1786010348459,sku-1779434977945,Paper Bag,100,150,ອັນ,,
TKT-1786012380968,sku-1785121215788,Paper Bag for GOLD,50,50,ອັນ,,
TKT-1786081639947,sku-1775456004647,ກະເປົາກິລາ,5,5,ນ່ວຍ,,
TKT-1786081639947,sku-1775815774049,ຂາຕັ້ງໂທລະສັບ,10,10,ອັນ,,
TKT-1786081639947,sku-1774606011601,ຫົວສາກໂທລະສັບ,5,5,ອັນ,,
TKT-1786081639947,sku-1771407810939,ກະປຸກອອມສິນ,5,5,pcs,,
TKT-1786414419486,sku-1775456004647,ກະເປົາກິລາ,20,20,ນ່ວຍ,,
TKT-1786414419486,sku-1774606011601,ຫົວສາກໂທລະສັບ,20,20,ອັນ,,
TKT-1786414419486,sku-1771407810939,ກະປຸກອອມສິນ,20,20,pcs,,
TKT-1786414419486,sku-1775815774049,ຂາຕັ້ງໂທລະສັບ,20,20,ອັນ,,
TKT-1786414757351,sku-1775456004647,ກະເປົາກິລາ,20,20,ນ່ວຍ,,
TKT-1786414757351,sku-1774606011601,ຫົວສາກໂທລະສັບ,50,50,ອັນ,,
TKT-1786414757351,sku-1771408020353,ຊຸດພິນ້ຽມ (ປື້ມ+ຕຸກນ້ຳ+ບິກ),10,10,set,,
TKT-1786414757351,sku-1775815774049,ຂາຕັ້ງໂທລະສັບ,50,50,ອັນ,,
TKT-1786438940716,sku-1779434977945,Paper Bag,30,30,ອັນ,,
TKT-1786439385448,sku-1774606011601,ຫົວສາກໂທລະສັບ,5,5,ອັນ,,
TKT-1786439385448,sku-1775456004647,ກະເປົາກິລາ,12,12,ນ່ວຍ,,
TKT-1786439385448,sku-1771407004896,ພວງກະເເຈ,50,50,pcs,,
TKT-1787027487933,sku-1771407004896,ພວງກະເເຈ,100,100,pcs,,
TKT-1787027487933,sku-1771407061986,ຈອກກາເເຟ,5,,pcs,,
TKT-1787027487933,sku-1781512257490,KPV ໂຕະໄຮໂດຣລິກ,1,1,ນ່ວຍ,,
TKT-1787027487933,sku-1772179915959,ແບັກດອບແບບຜ້າ  230 WxH 200 cm,1,1,ອັນ,,
TKT-1787027487933,sku-1775815774049,ຂາຕັ້ງໂທລະສັບ,5,5,ອັນ,,
TKT-1787028406085,sku-1787027890986,ກ່ອງຂອງຂວັນ,10,10,ອັນ,,
TKT-1787539473267,sku-1775815774049,ຂາຕັ້ງໂທລະສັບ,70,70,ອັນ,,
TKT-1787543425737,sku-1771408020353,ຊຸດພິນ້ຽມ (ປື້ມ+ຕຸກນ້ຳ+ບິກ),10,10,set,,
TKT-1787814988879,sku-1787714793029,Tote Bag If & Art,110,110,ນ່ວຍ,,
TKT-1787815027847,sku-1774606011601,ຫົວສາກໂທລະສັບ,20,20,ອັນ,,
TKT-1787815027847,sku-1775456004647,ກະເປົາກິລາ,20,20,ນ່ວຍ,,
TKT-1787815027847,sku-1787714793029,Tote Bag If & Art,30,0,ນ່ວຍ,,
TKT-1787815069324,sku-1787714793029,Tote Bag If & Art,110,110,ນ່ວຍ,,
TKT-1788159864557,sku-1771408020353,ຊຸດພິນ້ຽມ (ປື້ມ+ຕຸກນ້ຳ+ບິກ),10,,set,,
TKT-1788159864557,sku-1774606011601,ຫົວສາກໂທລະສັບ,50,,ອັນ,,
TKT-1788159864557,sku-1775815774049,ຂາຕັ້ງໂທລະສັບ,50,,ອັນ,,
TKT-1788159864557,sku-1775456004647,ກະເປົາກິລາ,50,,ນ່ວຍ,,
TKT-1788160090372,sku-1771408020353,ຊຸດພິນ້ຽມ (ປື້ມ+ຕຸກນ້ຳ+ບິກ),10,10,set,,
TKT-1788160090372,sku-1775456004647,ກະເປົາກິລາ,20,20,ນ່ວຍ,,
TKT-1788160090372,sku-1775815774049,ຂາຕັ້ງໂທລະສັບ,50,50,ອັນ,,
TKT-1788160090372,sku-1774606011601,ຫົວສາກໂທລະສັບ,50,50,ອັນ,,
TKT-1788160549227,sku-1771407004896,ພວງກະເເຈ,100,,pcs,,
TKT-1788160640377,sku-1773299233699,A4 Brochure,100,,ອັນ,,
TKT-1788160731560,sku-1785121215788,Paper Bag for GOLD,100,,ອັນ,,
TKT-1788160825032,sku-1775030698487,ສາຍຫ້ອຍຄໍ (ພວງກະແຈ),100,,ອັນ,,
TKT-1788166528113,sku-1771406960024,ບິກອີຊີໂກລ,100,100,pcs,,
TKT-1788166528113,sku-1771407004896,ພວງກະເເຈ,67,67,pcs,,
TKT-1788166528113,sku-1773299233699,A4 Brochure,100,100,ອັນ,,
TKT-1788166528113,sku-1775030698487,ສາຍຫ້ອຍຄໍ (ພວງກະແຈ),100,100,ອັນ,,
TKT-1788166528113,sku-1785121215788,Paper Bag for GOLD,100,100,ອັນ,,
TKT-1788166702442,sku-1771407061986,ຈອກກາເເຟ,250,,pcs,,
TKT-1788166702442,sku-1787715043950,Gift set 2026,100,,ຊຸດ,,
TKT-1788166702442,sku-1788146835376,Piggy Bank V2,100,,ອັນ,,
TKT-1788230377490,sku-1771406960024,ບິກອີຊີໂກລ,100,,pcs,,
TKT-1788230377490,sku-1775030698487,ສາຍຫ້ອຍຄໍ (ພວງກະແຈ),100,,ອັນ,,
TKT-1788230377490,sku-1774606011601,ຫົວສາກໂທລະສັບ,10,,ອັນ,,
TKT-1788230377490,sku-1775456004647,ກະເປົາກິລາ,10,,ນ່ວຍ,,
TKT-1788230377490,sku-1775815774049,ຂາຕັ້ງໂທລະສັບ,20,,ອັນ,,
